{
  "files": [
    {
      "filepath": "/home/sandwich/Develop/iframebuffer/benchmarks/scenarios/binary-transfer.bench.ts",
      "groups": [
        {
          "fullName": "benchmarks/scenarios/binary-transfer.bench.ts > binary-transfer 1KB",
          "benchmarks": [
            {
              "id": "471070647_0_0",
              "name": "library (transferable) [1KB]",
              "rank": 1,
              "rme": 0.5314703340096028,
              "samples": [],
              "totalTime": 2000.0233280000007,
              "min": 0.06445900000005622,
              "max": 2.0959080000000085,
              "hz": 12529.353857616601,
              "period": 0.07981257544195701,
              "mean": 0.07981257544195701,
              "variance": 0.0011736870133269685,
              "sd": 0.034259115769776784,
              "sem": 0.00021641844963420158,
              "df": 25058,
              "critical": 1.96,
              "moe": 0.00042418016128303507,
              "p75": 0.0789519999998447,
              "p99": 0.15578800000002957,
              "p995": 0.1832120000001396,
              "p999": 0.5563799999999901,
              "sampleCount": 25059,
              "median": 0.07212299999991956
            }
          ]
        },
        {
          "fullName": "benchmarks/scenarios/binary-transfer.bench.ts > binary-transfer 64KB",
          "benchmarks": [
            {
              "id": "471070647_1_0",
              "name": "library (transferable) [64KB]",
              "rank": 1,
              "rme": 1.2482720441374238,
              "samples": [],
              "totalTime": 2000.0329719999972,
              "min": 0.07776300000023184,
              "max": 2.7467649999998685,
              "hz": 9230.347828485712,
              "period": 0.10833827918314269,
              "mean": 0.10833827918314269,
              "variance": 0.008788716071842626,
              "sd": 0.09374815236495397,
              "sem": 0.0006899777817054717,
              "df": 18460,
              "critical": 1.96,
              "moe": 0.0013523564521427244,
              "p75": 0.1151239999999234,
              "p99": 0.24105299999973795,
              "p995": 0.4851859999998851,
              "p999": 1.5835210000000188,
              "sampleCount": 18461,
              "median": 0.09178000000019892
            }
          ]
        },
        {
          "fullName": "benchmarks/scenarios/binary-transfer.bench.ts > binary-transfer 1MB",
          "benchmarks": [
            {
              "id": "471070647_2_0",
              "name": "library (transferable) [1MB]",
              "rank": 1,
              "rme": 1.3376315113996153,
              "samples": [],
              "totalTime": 2000.0397660000153,
              "min": 0.394839999999931,
              "max": 1.645715000000564,
              "hz": 1847.46326688785,
              "period": 0.5412827512855252,
              "mean": 0.5412827512855252,
              "variance": 0.05042241681642083,
              "sd": 0.2245493638744515,
              "sem": 0.0036940656362071385,
              "df": 3694,
              "critical": 1.96,
              "moe": 0.007240368646965992,
              "p75": 0.5062210000005507,
              "p99": 1.3470619999998235,
              "p995": 1.4273459999994884,
              "p999": 1.5420789999998306,
              "sampleCount": 3695,
              "median": 0.44586400000025606
            }
          ]
        },
        {
          "fullName": "benchmarks/scenarios/binary-transfer.bench.ts > binary-transfer 16MB",
          "benchmarks": [
            {
              "id": "471070647_3_0",
              "name": "library (transferable) [16MB]",
              "rank": 1,
              "rme": 0.9004292113405995,
              "samples": [],
              "totalTime": 2001.3126460000049,
              "min": 7.83146300000044,
              "max": 11.08928300000025,
              "hz": 112.42621209120139,
              "period": 8.894722871111133,
              "mean": 8.894722871111133,
              "variance": 0.3756940957518835,
              "sd": 0.6129389005046779,
              "sem": 0.04086259336697853,
              "df": 224,
              "critical": 1.96,
              "moe": 0.0800906829992779,
              "p75": 9.238194000000476,
              "p99": 10.544879999999466,
              "p995": 10.725776999999653,
              "p999": 11.08928300000025,
              "sampleCount": 225,
              "median": 8.79623199999969
            }
          ]
        }
      ]
    },
    {
      "filepath": "/home/sandwich/Develop/iframebuffer/benchmarks/scenarios/naive-baseline.bench.ts",
      "groups": [
        {
          "fullName": "benchmarks/scenarios/naive-baseline.bench.ts > naive-baseline 1KB",
          "benchmarks": [
            {
              "id": "1004394167_0_0",
              "name": "naive postMessage [1KB]",
              "rank": 1,
              "rme": 0.43907486936907486,
              "samples": [],
              "totalTime": 2000.0058819999942,
              "min": 0.014656999999999698,
              "max": 0.5418439999999691,
              "hz": 58112.329091640306,
              "period": 0.017208052329533183,
              "mean": 0.017208052329533183,
              "variance": 0.00017271418589994426,
              "sd": 0.013142076924898296,
              "sem": 0.000038549098615744836,
              "df": 116224,
              "critical": 1.96,
              "moe": 0.00007555623328685987,
              "p75": 0.016658000000006723,
              "p99": 0.030103000000053726,
              "p995": 0.03673700000001645,
              "p999": 0.30715700000007473,
              "sampleCount": 116225,
              "median": 0.01608000000010179
            }
          ]
        },
        {
          "fullName": "benchmarks/scenarios/naive-baseline.bench.ts > naive-baseline 64KB",
          "benchmarks": [
            {
              "id": "1004394167_1_0",
              "name": "naive postMessage [64KB]",
              "rank": 1,
              "rme": 1.6890253227160004,
              "samples": [],
              "totalTime": 2000.0310179999883,
              "min": 0.02404500000011467,
              "max": 3.0471889999998893,
              "hz": 20526.681651694384,
              "period": 0.0487170803819357,
              "mean": 0.0487170803819357,
              "variance": 0.007235660194096208,
              "sd": 0.08506268391072673,
              "sem": 0.00041981827762183814,
              "df": 41053,
              "critical": 1.96,
              "moe": 0.0008228438241388027,
              "p75": 0.04327999999986787,
              "p99": 0.1263819999999214,
              "p995": 0.17448700000022654,
              "p999": 1.7685239999991609,
              "sampleCount": 41054,
              "median": 0.04103549999990719
            }
          ]
        },
        {
          "fullName": "benchmarks/scenarios/naive-baseline.bench.ts > naive-baseline 1MB",
          "benchmarks": [
            {
              "id": "1004394167_2_0",
              "name": "naive postMessage [1MB]",
              "rank": 1,
              "rme": 1.8134362230711292,
              "samples": [],
              "totalTime": 2000.243433000036,
              "min": 0.1761770000002798,
              "max": 3.941752999999153,
              "hz": 2393.7086461615263,
              "period": 0.41776178634085964,
              "mean": 0.41776178634085964,
              "variance": 0.0715325974088954,
              "sd": 0.2674557858953427,
              "sem": 0.0038652263059460027,
              "df": 4787,
              "critical": 1.96,
              "moe": 0.0075758435596541655,
              "p75": 0.4089610000000903,
              "p99": 1.7789969999994355,
              "p995": 1.9916339999999764,
              "p999": 2.405789999999797,
              "sampleCount": 4788,