{
  "files": [
    {
      "filepath": "/home/sandwich/Develop/iframebuffer/benchmarks/scenarios/binary-transfer.bench.ts",
      "groups": [
        {
          "fullName": "benchmarks/scenarios/binary-transfer.bench.ts > binary-transfer 1KB",
          "benchmarks": [
            {
              "id": "471070647_0_0",
              "name": "library (transferable) [1KB]",
              "rank": 1,
              "rme": 0.44301512881112426,
              "samples": [],
              "totalTime": 2000.0535290000093,
              "min": 0.0644520000000739,
              "max": 1.3888840000000187,
              "hz": 12930.153930895056,
              "period": 0.07733859978345808,
              "mean": 0.07733859978345808,
              "variance": 0.0007902470737310241,
              "sd": 0.0281113335459388,
              "sem": 0.0001748069884956157,
              "df": 25860,
              "critical": 1.96,
              "moe": 0.0003426216974514067,
              "p75": 0.07624299999997675,
              "p99": 0.14081099999998514,
              "p995": 0.15614400000001183,
              "p999": 0.48183000000017273,
              "sampleCount": 25861,
              "median": 0.07143499999995129
            }
          ]
        },
        {
          "fullName": "benchmarks/scenarios/binary-transfer.bench.ts > binary-transfer 64KB",
          "benchmarks": [
            {
              "id": "471070647_1_0",
              "name": "library (transferable) [64KB]",
              "rank": 1,
              "rme": 1.4444597800767507,
              "samples": [],
              "totalTime": 2000.032082999935,
              "min": 0.07867299999998068,
              "max": 2.2585690000000795,
              "hz": 8093.370170202677,
              "period": 0.12355792197441991,
              "mean": 0.12355792197441991,
              "variance": 0.013421662773375339,
              "sd": 0.11585190017162143,
              "sem": 0.0009105839224587292,
              "df": 16186,
              "critical": 1.96,
              "moe": 0.001784744488019109,
              "p75": 0.1204769999999371,
              "p99": 0.2587439999997514,
              "p995": 0.991168000000016,
              "p999": 2.0047059999997145,
              "sampleCount": 16187,
              "median": 0.11421999999993204
            }
          ]
        },
        {
          "fullName": "benchmarks/scenarios/binary-transfer.bench.ts > binary-transfer 1MB",
          "benchmarks": [
            {
              "id": "471070647_2_0",
              "name": "library (transferable) [1MB]",
              "rank": 1,
              "rme": 1.99643725812335,
              "samples": [],
              "totalTime": 2000.0302949999832,
              "min": 0.409774999999172,
              "max": 4.798134000000573,
              "hz": 1254.480997749097,
              "period": 0.7971424053407665,
              "mean": 0.7971424053407665,
              "variance": 0.1654137763438963,
              "sd": 0.4067109247904417,
              "sem": 0.008119616316593735,
              "df": 2508,
              "critical": 1.96,
              "moe": 0.01591444798052372,
              "p75": 1.1059740000000602,
              "p99": 2.1045210000002044,
              "p995": 2.4144679999999425,
              "p999": 2.993171999999504,
              "sampleCount": 2509,
              "median": 0.6057289999998829
            }
          ]
        },
        {
          "fullName": "benchmarks/scenarios/binary-transfer.bench.ts > binary-transfer 16MB",
          "benchmarks": [
            {
              "id": "471070647_3_0",
              "name": "library (transferable) [16MB]",
              "rank": 1,
              "rme": 1.310940632506418,
              "samples": [],
              "totalTime": 2003.727941999996,
              "min": 7.917231999999785,
              "max": 17.227592000000186,
              "hz": 109.79534466161597,
              "period": 9.107854281818163,
              "mean": 9.107854281818163,
              "variance": 0.8164107875681316,
              "sd": 0.9035545293827769,
              "sem": 0.06091763394379076,
              "df": 219,
              "critical": 1.96,
              "moe": 0.11939856252982989,
              "p75": 9.375688999999511,
              "p99": 12.92730599999959,
              "p995": 13.03679000000011,
              "p999": 17.227592000000186,
              "sampleCount": 220,
              "median": 8.985624500000085
            }
          ]
        }
      ]
    },
    {
      "filepath": "/home/sandwich/Develop/iframebuffer/benchmarks/scenarios/naive-baseline.bench.ts",
      "groups": [
        {
          "fullName": "benchmarks/scenarios/naive-baseline.bench.ts > naive-baseline 1KB",
          "benchmarks": [
            {
              "id": "1004394167_0_0",
              "name": "naive postMessage [1KB]",
              "rank": 1,
              "rme": 0.3877690993840624,
              "samples": [],
              "totalTime": 2000.01293199998,
              "min": 0.014466999999967811,
              "max": 0.5281410000000051,
              "hz": 60633.60794309164,
              "period": 0.016492503644819575,
              "mean": 0.016492503644819575,
              "variance": 0.0001291081463294885,
              "sd": 0.011362576570896607,
              "sem": 0.00003262899635173496,
              "df": 121267,
              "critical": 1.96,
              "moe": 0.00006395283284940053,
              "p75": 0.016030999999884443,
              "p99": 0.029211000000032072,
              "p995": 0.037304000000006,
              "p999": 0.21147999999993772,
              "sampleCount": 121268,
              "median": 0.015370999999959167
            }
          ]
        },
        {
          "fullName": "benchmarks/scenarios/naive-baseline.bench.ts > naive-baseline 64KB",
          "benchmarks": [
            {
              "id": "1004394167_1_0",
              "name": "naive postMessage [64KB]",
              "rank": 1,
              "rme": 1.7117747370638288,
              "samples": [],
              "totalTime": 2000.028132999932,
              "min": 0.02389099999982136,
              "max": 2.4434409999998934,
              "hz": 20820.20713255708,
              "period": 0.04803026183328767,
              "mean": 0.04803026183328767,
              "variance": 0.007327100379913606,
              "sd": 0.08559848351409975,
              "sem": 0.0004194744327590962,
              "df": 41640,
              "critical": 1.96,
              "moe": 0.0008221698882078286,
              "p75": 0.042506000000230415,
              "p99": 0.12295099999982995,
              "p995": 0.16633999999976368,
              "p999": 1.8488469999997506,
              "sampleCount": 41641,
              "median": 0.0406049999996867
            }
          ]
        },
        {
          "fullName": "benchmarks/scenarios/naive-baseline.bench.ts > naive-baseline 1MB",
          "benchmarks": [
            {
              "id": "1004394167_2_0",
              "name": "naive postMessage [1MB]",
              "rank": 1,
              "rme": 1.804141659217726,
              "samples": [],
              "totalTime": 2000.368774000015,
              "min": 0.1770619999997507,
              "max": 2.933132000000114,
              "hz": 2411.0554327219083,
              "period": 0.4147561215011435,
              "mean": 0.4147561215011435,
              "variance": 0.07029622414575407,
              "sd": 0.2651343511236408,
              "sem": 0.003817748965386642,
              "df": 4822,
              "critical": 1.96,
              "moe": 0.007482787972157818,
              "p75": 0.41104400000040187,
              "p99": 1.755497999999534,
              "p995": 1.9221630000001824,
              "p999": 2.4093489999995654,
              "sampleCount": 4823,